LoanID,StringID,LProduct,CustomerGender,Address,Area,TotalPrice
1,uid_1,LProduct B,Male,Address 2,Area 2,16600
2,uid_2,LProduct B,Male,Address 3,,16600
3,uid_3,LProduct C,Female,Address 5,Area 5,15600
4,uid_4,LProduct B,Male,Address 6,Area 1,16600
5,uid_5,LProduct D,Female,Address 7,Area 2,20250
6,uid_6,LProduct B,Female,Address 10,Area 2,
7,uid_7,LProduct A,Male,Address 11,Area 3,20250
8,uid_8,LProduct B,Male,Address 12,Area 6,16600
9,uid_9,LProduct A,Female,Address 3,Area 3,22250
10,uid_10,LProduct A,Female,Address 13,Area 6,20250
11,uid_11,LProduct B,Female,Address 15,Area 2,16600
12,uid_12,LProduct D,Female,Address 16,Area 1,20250
13,uid_13,LProduct B,Male,Address 17,Area 3,16600
14,uid_14,LProduct A,Male,Address 19,Area 2,20750
15,uid_15,LProduct A,Female,Address 23,Area 4,22250
16,uid_16,LProduct B,Male,Address 27,Area 2,16600
17,uid_17,LProduct A,Male,Address 25,Area 3,22250
18,uid_18,LProduct B,Female,Address 26,Area 3,16600
19,uid_19,LProduct B,Male,Address 29,Area 1,16600
20,uid_20,LProduct E,Male,Address 30,Area 2,54625
21,uid_21,LProduct B,Male,Address 31,Area 4,16600
22,uid_22,LProduct A,Male,Address 17,Area 3,22250
23,uid_23,LProduct A,Male,Address 33,Area 3,19250
24,uid_24,LProduct C,NotSpecified,Address 34,Area 1,15600
25,uid_25,LProduct D,Female,Address 35,Area 6,20250
26,uid_26,LProduct A,Male,Address 37,Area 4,22250
27,uid_27,LProduct A,Female,Address 38,Area 3,19250
28,uid_28,LProduct F,Female,Address 39,Area 6,69225
29,uid_29,LProduct D,Female,Address 40,Area 6,20250
30,uid_30,LProduct B,Male,Address 30,Area 2,16600
31,uid_31,LProduct B,Male,Address 41,Area 1,16600
32,uid_32,LProduct B,Male,Address 42,Area 4,16600
33,uid_33,LProduct A,Female,Address 22,Area 6,19250
34,uid_34,LProduct B,Male,Address 43,Area 3,16600
35,uid_35,LProduct A,Female,Address 46,Area 2,19250
36,uid_36,LProduct B,Female,Address 47,Area 7,16600
37,uid_37,LProduct B,Male,Address 50,Area 1,16600
38,uid_38,LProduct B,Male,Address 26,Area 3,16600
39,uid_39,LProduct C,NotSpecified,Address 52,Area 6,15600
40,uid_40,LProduct B,Female,Address 25,Area 3,16600
41,uid_41,LProduct B,Male,Address 17,Area 3,16600
42,uid_42,LProduct B,Female,Address 19,Area 2,16600
43,uid_43,LProduct A,Male,Address 53,Area 6,19250
44,uid_44,LProduct C,NotSpecified,Address 54,Area 4,15600
45,uid_45,LProduct A,Male,Address 46,Area 2,19250
46,uid_46,LProduct B,Male,Address 44,Area 1,16600
47,uid_47,LProduct B,Male,Address 39,Area 6,16600
48,uid_48,LProduct B,Male,Address 30,Area 2,16600
49,uid_49,LProduct D,Male,Address 56,Area 3,20250
50,uid_50,LProduct A,Female,Address 44,Area 1,22250
51,uid_51,LProduct B,Male,Address 57,Area 6,16600
52,uid_52,LProduct A,Female,Address 39,Area 6,20250
53,uid_53,LProduct D,Male,Address 59,Area 6,20250
54,uid_54,LProduct B,Male,Address 44,Area 1,16600
55,uid_55,LProduct B,Male,Address 60,Area 3,16600
56,uid_56,LProduct B,Male,Address 29,Area 1,16600
57,uid_57,LProduct B,Female,Address 44,Area 1,
58,uid_58,LProduct B,Male,Address 61,Area 2,16600
59,uid_59,LProduct B,Male,Address 62,Area 3,16600
60,uid_60,LProduct B,Female,Address 6,Area 1,16600
61,uid_61,LProduct A,Male,Address 23,Area 4,19250
62,uid_62,LProduct C,NotSpecified,Address 64,Area 6,15600
63,uid_63,LProduct C,Female,Address 65,Area 2,15600
64,uid_64,LProduct D,Male,Address 66,Area 2,20250
65,uid_65,LProduct B,Male,Address 23,Area 4,16600
66,uid_66,LProduct A,Male,Address 19,Area 2,22250
67,uid_67,LProduct A,Male,Address 50,Area 1,22250
68,uid_68,LProduct D,Male,Address 68,Area 6,20250
69,uid_69,LProduct A,Female,Address 61,Area 2,20250
70,uid_70,LProduct B,Female,Address 10,Area 2,16600
71,uid_71,LProduct C,Female,Address 64,Area 6,15600
72,uid_72,LProduct B,Male,Address 70,Area 7,16600
73,uid_73,LProduct B,Male,Address 72,Area 3,16600
74,uid_74,LProduct A,Male,Address 40,Area 6,22250
75,uid_75,LProduct A,Male,Address 20,Area 1,20750
76,uid_76,LProduct A,Male,Address 73,Area 4,22250
77,uid_77,LProduct A,Female,Address 20,Area 1,19250
78,uid_78,LProduct D,Male,Address 75,Area 3,20250
79,uid_79,LProduct D,Male,Address 76,Area 2,20250
80,uid_80,LProduct D,Female,Address 77,Area 3,20250
81,uid_81,LProduct A,Male,Address 2,Area 2,19250
82,uid_82,LProduct B,Male,Address 4,Area 4,16600
83,uid_83,LProduct A,Female,Address 78,Area 4,22250
84,uid_84,LProduct D,Male,Address 79,Area 1,20250
85,uid_85,LProduct B,Female,Address 80,Area 2,16600
86,uid_86,LProduct A,Female,Address 25,Area 3,19250
87,uid_87,LProduct A,Male,Address 11,Area 3,22250
88,uid_88,LProduct B,Male,Address 81,Area 10,16600
89,uid_89,LProduct A,Male,Address 82,Area 7,19250
90,uid_90,LProduct B,Male,Address 32,Area 6,16600
91,uid_91,LProduct A,Male,Address 84,Area 3,
92,uid_92,LProduct D,Male,Address 34,Area 1,20250
93,uid_93,LProduct B,Male,Address 87,Area 6,16600
94,uid_94,LProduct B,Male,Address 17,Area 3,16600
95,uid_95,LProduct A,Female,Address 49,Area 6,19250
96,uid_96,LProduct B,Male,Address 53,Area 6,16600
97,uid_97,LProduct B,Male,Address 2,Area 2,16600
98,uid_98,LProduct A,Female,Address 47,Area 7,22250
99,uid_99,LProduct A,Male,Address 89,Area 6,22250
100,uid_100,LProduct B,Male,Address 90,Area 6,16600
101,uid_101,LProduct B,Female,Address 22,Area 6,16600
102,uid_102,LProduct A,Female,Address 22,Area 6,19250
103,uid_103,LProduct B,Male,Address 91,Area 6,16600
104,uid_104,LProduct A,Male,Address 25,Area 3,22250
105,uid_105,LProduct A,Male,Address 62,Area 3,19250
106,uid_106,LProduct B,Male,Address 94,Area 6,16600
107,uid_107,LProduct B,Female,Address 38,Area 3,16600
108,uid_108,LProduct A,Male,Address 42,Area 4,19250
109,uid_109,LProduct B,Male,Address 6,Area 1,16600
110,uid_110,LProduct A,Female,Address 3,Area 3,22250
111,uid_111,LProduct B,Female,Address 97,Area 5,16600
112,uid_112,LProduct C,NotSpecified,Address 98,Area 11,15600
113,uid_113,LProduct B,Male,Address 18,Area 7,16600
114,uid_114,LProduct D,Male,Address 86,Area 6,20250
115,uid_115,LProduct B,Female,Address 13,Area 6,16600
116,uid_116,LProduct A,Female,Address 25,Area 3,19250
117,uid_117,LProduct A,Female,Address 6,Area 1,19250
118,uid_118,LProduct A,Male,Address 94,Area 6,19250
119,uid_119,LProduct C,NotSpecified,Address 101,Area 9,15600
120,uid_120,LProduct A,Male,Address 87,Area 6,22250
121,uid_121,LProduct A,Female,Address 9,Area 6,22250
122,uid_122,LProduct B,Male,Address 73,Area 4,16600
123,uid_123,LProduct D,Male,Address 102,Area 6,20250
124,uid_124,LProduct B,Male,Address 23,Area 4,16600
125,uid_125,LProduct B,Male,Address 10,Area 2,16600
126,uid_126,LProduct A,Male,Address 26,Area 3,20750
127,uid_127,LProduct A,Female,Address 87,Area 6,20250
128,uid_128,LProduct B,Male,Address 61,Area 2,16600
129,uid_129,LProduct B,Male,Address 11,Area 3,16600
130,uid_130,LProduct B,Male,Address 25,Area 3,16600
131,uid_131,LProduct C,Male,Address 27,Area 2,15600
132,uid_132,LProduct B,Male,Address 84,Area 3,16600
133,uid_133,LProduct C,NotSpecified,Address 105,Area 10,15600
134,uid_134,LProduct A,Male,Address 88,Area 7,19250
135,uid_135,LProduct D,Male,Address 106,Area 6,16600
136,uid_136,LProduct B,Female,Address 39,Area 6,16600
137,uid_137,LProduct D,Male,Address 41,Area 1,20250
138,uid_138,LProduct A,Female,Address 21,Area 7,19250
139,uid_139,LProduct C,Female,Address 107,Area 2,15600
140,uid_140,LProduct B,Female,Address 53,Area 6,16600
141,uid_141,LProduct B,Female,Address 49,Area 6,16600
142,uid_142,LProduct B,Male,Address 82,Area 7,16600
143,uid_143,LProduct C,NotSpecified,Address 110,Area 6,15600
144,uid_144,LProduct B,Male,Address 111,Area 6,16600
145,uid_145,LProduct C,NotSpecified,Address 112,Area 2,15600
146,uid_146,LProduct A,Female,Address 60,Area 3,19250
147,uid_147,LProduct A,Male,Address 2,Area 2,22250
148,uid_148,LProduct A,Male,Address 111,Area 6,20250
149,uid_149,LProduct A,Male,Address 19,Area 2,19250
150,uid_150,LProduct A,Male,Address 4,Area 4,22250
151,uid_151,LProduct B,Male,Address 113,Area 3,16600
152,uid_152,LProduct A,Male,Address 20,Area 1,22250
153,uid_153,LProduct E,Male,Address 10,Area 2,54625
154,uid_154,LProduct E,Male,Address 53,Area 6,54625
155,uid_155,LProduct B,Male,Address 84,Area 3,16600
156,uid_156,LProduct A,Female,Address 10,Area 2,22250
157,uid_157,LProduct A,Male,Address 39,Area 6,22250
158,uid_158,LProduct A,Male,Address 114,Area 6,22250
159,uid_159,LProduct A,Female,Address 60,Area 3,22250
160,uid_160,LProduct C,NotSpecified,Address 115,Area 6,15600
161,uid_161,LProduct A,Male,Address 26,Area 3,
162,uid_162,LProduct B,Female,Address 117,Area 1,16600
163,uid_163,LProduct A,Male,Address 25,Area 3,22250
164,uid_164,LProduct D,Female,Address 118,Area 2,20250
165,uid_165,LProduct A,Female,Address 61,Area 2,22250
166,uid_166,LProduct B,Male,Address 19,Area 2,16600
167,uid_167,LProduct A,Male,Address 70,Area 7,19250
168,uid_168,LProduct A,Female,Address 3,Area 3,20250
169,uid_169,LProduct B,Female,Address 27,Area 2,16600
170,uid_170,LProduct D,Male,Address 122,Area 5,20250
171,uid_171,LProduct B,Male,Address 39,Area 6,16600
172,uid_172,LProduct B,Male,Address 123,Area 6,16600
173,uid_173,LProduct D,Male,Address 124,Area 3,20250
174,uid_174,LProduct A,Male,Address 86,Area 6,20250
175,uid_175,LProduct B,Female,Address 25,Area 3,16600
176,uid_176,LProduct A,Male,Address 22,Area 6,20250
177,uid_177,LProduct A,Male,Address 49,Area 6,19250
178,uid_178,LProduct B,Female,Address 34,Area 1,16600
179,uid_179,LProduct A,Female,Address 113,Area 3,20750
180,uid_180,LProduct D,Male,Address 125,Area 12,20250
181,uid_181,LProduct A,Male,Address 58,Area 6,22250
182,uid_182,LProduct B,Female,Address 62,Area 3,16600
183,uid_183,LProduct A,Male,Address 26,Area 3,20250
184,uid_184,LProduct D,Male,Address 127,Area 2,20250
185,uid_185,LProduct B,Male,Address 21,Area 7,16600
186,uid_186,LProduct A,Female,Address 22,Area 6,20250
187,uid_187,LProduct A,Male,Address 46,Area 2,20750
188,uid_188,LProduct B,Female,Address 49,Area 6,16600
189,uid_189,LProduct B,Male,Address 48,Area 6,16600
190,uid_190,LProduct A,Male,Address 86,Area 6,22250
191,uid_191,LProduct A,Male,Address 18,Area 7,22250
192,uid_192,LProduct A,Female,Address 30,Area 2,22250
193,uid_193,LProduct B,Male,Address 49,Area 6,16600
194,uid_194,LProduct E,Male,Address 84,Area 3,54625
195,uid_195,LProduct B,Male,Address 35,Area 6,16600
196,uid_196,LProduct A,Male,Address 53,Area 6,22250
197,uid_197,LProduct B,Male,Address 73,Area 4,16600
198,uid_198,LProduct D,Male,Address 135,Area 1,20250
199,uid_199,LProduct A,Female,Address 60,Area 3,22250
200,uid_200,LProduct C,Male,Address 136,Area 6,15600
201,uid_201,LProduct D,Male,Address 24,Area 2,20250
202,uid_202,LProduct B,Male,Address 137,Area 6,16600
203,uid_203,LProduct E,Male,Address 73,Area 4,54625
204,uid_204,LProduct B,Female,Address 28,Area 7,16600
205,uid_205,LProduct B,Female,Address 58,Area 6,16600
206,uid_206,LProduct A,Male,Address 111,Area 6,22250
207,uid_207,LProduct A,Female,Address 44,Area 1,19250
208,uid_208,LProduct A,Male,Address 47,Area 7,19250
209,uid_209,LProduct A,Male,Address 21,Area 7,19250
210,uid_210,LProduct A,Female,Address 11,Area 3,22250
211,uid_211,LProduct C,Male,Address 138,Area 5,15600
212,uid_212,LProduct A,Female,Address 11,Area 3,22250
213,uid_213,LProduct C,NotSpecified,Address 139,Area 6,15600
214,uid_214,LProduct B,Female,Address 73,Area 4,16600
215,uid_215,LProduct A,Female,Address 32,Area 6,22250
216,uid_216,LProduct A,Male,Address 22,Area 6,22250
217,uid_217,LProduct B,Male,Address 140,Area 6,16600
218,uid_218,LProduct A,Male,Address 9,Area 6,20750
219,uid_219,LProduct A,Male,Address 3,Area 3,19250
220,uid_220,LProduct B,Male,Address 67,Area 1,16600
221,uid_221,LProduct B,Male,Address 141,Area 12,
222,uid_222,LProduct B,Female,Address 17,Area 3,16600
223,uid_223,LProduct A,Male,Address 142,Area 6,22250
224,uid_224,LProduct A,Female,Address 45,Area 3,19250
225,uid_225,LProduct B,Male,Address 23,Area 4,16600
226,uid_226,LProduct B,Male,Address 6,Area 1,16600
227,uid_227,LProduct A,Male,Address 19,Area 2,19250
228,uid_228,LProduct A,Male,Address 48,Area 6,19250
229,uid_229,LProduct B,Male,Address 8,Area 2,16600
230,uid_230,LProduct D,Male,Address 143,Area 6,20250
231,uid_231,LProduct A,Female,Address 44,Area 1,22250
232,uid_232,LProduct C,Male,Address 145,Area 4,15600
233,uid_233,LProduct B,Male,Address 21,Area 7,16600
234,uid_234,LProduct B,Male,Address 62,Area 3,16600
235,uid_235,LProduct E,Male,Address 1,Area 1,54625
236,uid_236,LProduct A,Male,Address 62,Area 3,19250
237,uid_237,LProduct A,Female,Address 18,Area 7,22250
238,uid_238,LProduct B,Female,Address 6,Area 1,16600
239,uid_239,LProduct A,Male,Address 91,Area 6,22250
240,uid_240,LProduct A,Female,Address 25,Area 3,19250
241,uid_241,LProduct A,Female,Address 17,Area 3,19250
242,uid_242,LProduct A,Female,Address 22,Area 6,20750
243,uid_243,LProduct A,Female,Address 29,Area 1,20750
244,uid_244,LProduct B,Male,Address 91,Area 6,16600
245,uid_245,LProduct B,Female,Address 25,Area 3,16600
246,uid_246,LProduct A,Male,Address 149,Area 1,22250
247,uid_247,LProduct B,Male,Address 9,Area 6,16600
248,uid_248,LProduct B,Male,Address 3,Area 3,16600
249,uid_249,LProduct B,Male,Address 21,Area 7,16600
250,uid_250,LProduct B,Female,Address 44,Area 1,16600
251,uid_251,LProduct C,Female,Address 152,Area 6,15600
252,uid_252,LProduct A,Male,Address 58,Area 6,19250
253,uid_253,LProduct D,Male,Address 153,Area 6,20250
254,uid_254,LProduct A,Female,Address 22,Area 6,22250
255,uid_255,LProduct A,Female,Address 3,Area 3,19250
256,uid_256,LProduct A,Female,Address 3,Area 3,22250
257,uid_257,LProduct A,Male,Address 6,Area 1,22250
258,uid_258,LProduct A,Female,Address 45,Area 3,22250
259,uid_259,LProduct B,Male,Address 155,Area 6,16600
260,uid_260,LProduct D,Female,Address 156,Area 4,20250
261,uid_261,LProduct B,Male,Address 135,Area 1,16600
262,uid_262,LProduct B,Female,Address 84,Area 3,16600
263,uid_263,LProduct B,Female,Address 40,Area 6,16600
264,uid_264,LProduct A,Female,Address 62,Area 3,19250
265,uid_265,LProduct B,Female,Address 45,Area 3,16600
266,uid_266,LProduct B,Female,Address 157,Area 4,16600
267,uid_267,LProduct C,NotSpecified,Address 158,Area 3,15600
268,uid_268,LProduct B,Male,Address 13,Area 6,16600
269,uid_269,LProduct A,Male,Address 39,Area 6,22250
270,uid_270,LProduct A,Female,Address 17,Area 3,19250
271,uid_271,LProduct A,Female,Address 67,Area 1,
272,uid_272,LProduct A,Female,Address 26,Area 3,22250
273,uid_273,LProduct C,NotSpecified,Address 159,Area 3,15600
274,uid_274,LProduct C,Female,Address 160,Area 8,15600
275,uid_275,LProduct B,Male,Address 144,Area 1,16600
276,uid_276,LProduct A,Male,Address 91,Area 6,19250
277,uid_277,LProduct B,Male,Address 70,Area 7,16600
278,uid_278,LProduct E,Male,Address 26,Area 3,54625
279,uid_279,LProduct B,Female,Address 30,Area 2,16600
280,uid_280,LProduct B,Male,Address 73,Area 4,16600
281,uid_281,LProduct B,Female,Address 10,Area 2,16600
282,uid_282,LProduct A,Male,Address 38,Area 3,19250
283,uid_283,LProduct A,Male,Address 3,Area 3,22250
284,uid_284,LProduct A,Male,Address 109,Area 7,22250
285,uid_285,LProduct B,Female,Address 4,Area 4,16600
286,uid_286,LProduct A,Female,Address 86,Area 6,19250
287,uid_287,LProduct A,Female,Address 25,Area 3,19250
288,uid_288,LProduct C,NotSpecified,Address 166,Area 3,15600
289,uid_289,LProduct E,Female,Address 88,Area 7,54625
290,uid_290,LProduct B,Male,Address 50,Area 1,16600
291,uid_291,LProduct B,Male,Address 88,Area 7,16600
292,uid_292,LProduct C,NotSpecified,Address 34,Area 1,15600
293,uid_293,LProduct D,Male,Address 168,Area 5,20250
294,uid_294,LProduct A,Male,Address 42,Area 4,19250
295,uid_295,LProduct A,Female,Address 70,Area 7,19250
296,uid_296,LProduct C,NotSpecified,Address 74,Area 6,15600
297,uid_297,LProduct C,NotSpecified,Address 143,Area 6,15600
298,uid_298,LProduct A,Female,Address 29,Area 1,19250
299,uid_299,LProduct B,Male,Address 46,Area 2,16600
300,uid_300,LProduct D,Female,Address 79,Area 1,20250
301,uid_301,LProduct A,Male,Address 17,Area 3,20750
302,uid_302,LProduct B,Female,Address 9,Area 6,16600
303,uid_303,LProduct B,Male,Address 169,Area 6,16600
304,uid_304,LProduct B,Male,Address 62,Area 3,16600
305,uid_305,LProduct A,Male,Address 61,Area 2,22250
306,uid_306,LProduct B,Male,Address 91,Area 6,16600
307,uid_307,LProduct A,Male,Address 23,Area 4,22250
308,uid_308,LProduct A,Male,Address 32,Area 6,20250
309,uid_309,LProduct B,Female,Address 23,Area 4,16600
310,uid_310,LProduct A,Female,Address 84,Area 3,19250
311,uid_311,LProduct A,Male,Address 91,Area 6,22250
312,uid_312,LProduct B,Female,Address 38,Area 3,16600
313,uid_313,LProduct C,NotSpecified,Address 172,Area 6,15600
314,uid_314,LProduct B,Male,Address 69,Area 6,16600
315,uid_315,LProduct B,Female,Address 19,Area 2,16600
316,uid_316,LProduct C,Female,Address 173,Area 4,15600
317,uid_317,LProduct B,Male,Address 117,Area 1,16600
318,uid_318,LProduct D,Male,Address 174,Area 2,20250
319,uid_319,LProduct A,Male,Address 69,Area 6,19250
320,uid_320,LProduct D,Female,Address 12,Area 6,20250
321,uid_321,LProduct B,Male,Address 175,Area 8,16600
322,uid_322,LProduct A,Male,Address 91,Area 6,22250
323,uid_323,LProduct B,Female,Address 44,Area 1,16600
324,uid_324,LProduct A,Male,Address 30,Area 2,22250
325,uid_325,LProduct A,Male,Address 3,Area 3,22250
326,uid_326,LProduct A,Female,Address 61,Area 2,19250
327,uid_327,LProduct E,Male,Address 22,Area 6,54625
328,uid_328,LProduct C,Female,Address 129,Area 13,13775
329,uid_329,LProduct B,Female,Address 6,Area 1,16600
330,uid_330,LProduct B,Female,Address 4,Area 4,16600
331,uid_331,LProduct A,Male,Address 3,Area 3,
332,uid_332,LProduct A,Male,Address 49,Area 6,20750
333,uid_333,LProduct B,Female,Address 26,Area 3,16600
334,uid_334,LProduct A,Female,Address 26,Area 3,19250
335,uid_335,LProduct A,Male,Address 111,Area 6,22250
336,uid_336,LProduct A,Male,Address 62,Area 3,20250
337,uid_337,LProduct A,Female,Address 22,Area 6,22250
338,uid_338,LProduct A,Male,Address 46,Area 2,19250
339,uid_339,LProduct B,Male,Address 45,Area 3,16600
340,uid_340,LProduct C,NotSpecified,Address 178,Area 2,15600
341,uid_341,LProduct A,Male,Address 111,Area 6,20250
342,uid_342,LProduct A,Male,Address 70,Area 7,22250
343,uid_343,LProduct A,Male,Address 58,Area 6,22250
344,uid_344,LProduct B,Male,Address 25,Area 3,16600
345,uid_345,LProduct A,Female,Address 25,Area 3,22250
346,uid_346,LProduct D,Male,Address 30,Area 2,20250
347,uid_347,LProduct B,Male,Address 58,Area 6,16600
348,uid_348,LProduct A,Female,Address 49,Area 6,22250
349,uid_349,LProduct A,Female,Address 91,Area 6,19250
350,uid_350,LProduct B,Female,Address 24,Area 2,16600
351,uid_351,LProduct B,Male,Address 39,Area 6,16600
352,uid_352,LProduct C,Male,Address 181,Area 6,15600
353,uid_353,LProduct A,Male,Address 6,Area 1,19250
354,uid_354,LProduct B,Male,Address 10,Area 2,16600
355,uid_355,LProduct A,Male,Address 94,Area 6,20250
356,uid_356,LProduct B,Female,Address 60,Area 3,16600
357,uid_357,LProduct A,Male,Address 91,Area 6,22250
358,uid_358,LProduct B,Female,Address 17,Area 3,16600
359,uid_359,LProduct C,Male,Address 182,Area 6,15600
360,uid_360,LProduct A,Male,Address 9,Area 6,20250
361,uid_361,LProduct A,Male,Address 88,Area 7,22250
362,uid_362,LProduct D,Male,Address 53,Area 6,20250
363,uid_363,LProduct B,Female,Address 73,Area 4,16600
364,uid_364,LProduct A,Male,Address 53,Area 6,22250
365,uid_365,LProduct B,Female,Address 8,Area 2,16600
366,uid_366,LProduct B,Male,Address 46,Area 2,16600
367,uid_367,LProduct B,Female,Address 19,Area 2,16600
368,uid_368,LProduct D,Male,Address 184,Area 6,20250
369,uid_369,LProduct B,Male,Address 27,Area 2,16600
370,uid_370,LProduct B,Female,Address 185,Area 6,16600
371,uid_371,LProduct B,Female,Address 53,Area 6,16600
372,uid_372,LProduct A,Male,Address 186,Area 14,19250
373,uid_373,LProduct D,Female,Address 187,Area 2,20250
374,uid_374,LProduct B,Male,Address 30,Area 2,16600
375,uid_375,LProduct B,Female,Address 21,Area 7,16600
376,uid_376,LProduct A,Male,Address 149,Area 1,22250
377,uid_377,LProduct A,Female,Address 46,Area 2,19250
378,uid_378,LProduct A,Female,Address 61,Area 2,22250
379,uid_379,LProduct B,Male,Address 30,Area 2,16600
380,uid_380,LProduct A,Female,Address 3,Area 3,19250
381,uid_381,LProduct A,Male,Address 33,Area 3,
382,uid_382,LProduct A,Male,Address 37,Area 4,20250
383,uid_383,LProduct A,Male,Address 3,Area 3,20750
384,uid_384,LProduct B,Male,Address 105,Area 10,16600
385,uid_385,LProduct B,Female,Address 97,Area 5,16600
386,uid_386,LProduct B,Male,Address 140,Area 6,16600
387,uid_387,LProduct B,Male,Address 146,Area 6,16600
388,uid_388,LProduct A,Female,Address 113,Area 3,20250
389,uid_389,LProduct B,Male,Address 6,Area 1,16600
390,uid_390,LProduct A,Male,Address 192,Area 6,22250
391,uid_391,LProduct C,Female,Address 193,Area 6,15600
392,uid_392,LProduct B,Male,Address 49,Area 6,16600
393,uid_393,LProduct B,Female,Address 3,Area 3,16600
394,uid_394,LProduct C,NotSpecified,Address 194,Area 4,15600
395,uid_395,LProduct B,Female,Address 30,Area 2,16600
396,uid_396,LProduct C,Female,Address 195,Area 5,15600
397,uid_397,LProduct A,Male,Address 57,Area 6,19250
398,uid_398,LProduct A,Male,Address 29,Area 1,20250
399,uid_399,LProduct B,Male,Address 73,Area 4,16600
400,uid_400,LProduct B,Male,Address 53,Area 6,16600
401,uid_401,LProduct B,Male,Address 60,Area 3,16600
402,uid_402,LProduct B,Female,Address 18,Area 7,16600
403,uid_403,LProduct C,Male,Address 118,Area 2,15600
404,uid_404,LProduct B,Male,Address 196,Area 2,16600
405,uid_405,LProduct A,Female,Address 20,Area 1,19250
406,uid_406,LProduct B,Female,Address 197,Area 5,16600
407,uid_407,LProduct D,Male,Address 198,Area 3,20250
408,uid_408,LProduct A,Male,Address 62,Area 3,20250
409,uid_409,LProduct F,Male,Address 39,Area 6,69225
410,uid_410,LProduct C,Male,Address 199,Area 2,15600
411,uid_411,LProduct B,Male,Address 58,Area 6,16600
412,uid_412,LProduct B,Male,Address 87,Area 6,16600
413,uid_413,LProduct B,Male,Address 135,Area 1,16600
414,uid_414,LProduct C,Female,Address 200,Area 6,15600
415,uid_415,LProduct A,Male,Address 8,Area 2,22250
416,uid_416,LProduct A,Female,Address 86,Area 6,22250
417,uid_417,LProduct A,Male,Address 48,Area 6,19250
418,uid_418,LProduct A,Male,Address 86,Area 6,22250
419,uid_419,LProduct B,Male,Address 62,Area 3,16600
420,uid_420,LProduct D,Male,Address 104,Area 7,20250
421,uid_421,LProduct E,Male,Address 44,Area 1,54625
422,uid_422,LProduct B,Female,Address 95,Area 6,16600
423,uid_423,LProduct D,Male,Address 201,Area 3,20250
424,uid_424,LProduct B,Male,Address 4,Area 4,16600
425,uid_425,LProduct A,Male,Address 25,Area 3,19250
426,uid_426,LProduct C,NotSpecified,Address 203,Area 6,15600
427,uid_427,LProduct A,Male,Address 9,Area 6,19250
428,uid_428,LProduct B,Male,Address 204,Area 2,16600
429,uid_429,LProduct B,Male,Address 206,Area 1,16600
430,uid_430,LProduct A,Male,Address 114,Area 6,19250
431,uid_431,LProduct A,Male,Address 61,Area 2,
432,uid_432,LProduct A,Male,Address 82,Area 7,22250
433,uid_433,LProduct C,Male,Address 207,Area 13,13775
434,uid_434,LProduct C,NotSpecified,Address 209,Area 2,15600
435,uid_435,LProduct A,Female,Address 19,Area 2,22250
436,uid_436,LProduct A,Male,Address 62,Area 3,19250
437,uid_437,LProduct A,Male,Address 67,Area 1,22250
438,uid_438,LProduct A,Male,Address 113,Area 3,20250
439,uid_439,LProduct B,Female,Address 39,Area 6,16600
440,uid_440,LProduct D,Male,Address 10,Area 2,20250
441,uid_441,LProduct B,Male,Address 8,Area 2,16600
442,uid_442,LProduct A,Female,Address 69,Area 6,22250
443,uid_443,LProduct E,Female,Address 48,Area 6,54625
444,uid_444,LProduct C,Male,Address 202,Area 13,13775
445,uid_445,LProduct A,Male,Address 13,Area 6,22250
446,uid_446,LProduct C,Male,Address 127,Area 2,15600
447,uid_447,LProduct B,Male,Address 30,Area 2,16600
448,uid_448,LProduct A,Female,Address 3,Area 3,20250
449,uid_449,LProduct A,Male,Address 45,Area 3,19250
450,uid_450,LProduct B,Male,Address 53,Area 6,16600
451,uid_451,LProduct B,Female,Address 9,Area 6,16600
452,uid_452,LProduct C,Female,Address 212,Area 9,15600
453,uid_453,LProduct A,Female,Address 22,Area 6,20250
454,uid_454,LProduct B,Female,Address 113,Area 3,16600
455,uid_455,LProduct B,Male,Address 70,Area 7,16600
456,uid_456,LProduct B,Female,Address 67,Area 1,16600
457,uid_457,LProduct B,Male,Address 111,Area 6,16600
458,uid_458,LProduct A,Male,Address 95,Area 6,22250
459,uid_459,LProduct B,Male,Address 56,Area 3,16600
460,uid_460,LProduct B,Female,Address 25,Area 3,16600
461,uid_461,LProduct B,Male,Address 111,Area 6,16600
462,uid_462,LProduct A,Female,Address 22,Area 6,22250
463,uid_463,LProduct B,Male,Address 111,Area 6,16600
464,uid_464,LProduct B,Female,Address 216,Area 1,16600
465,uid_465,LProduct A,Male,Address 114,Area 6,19250
466,uid_466,LProduct D,Male,Address 217,Area 5,20250
467,uid_467,LProduct D,Male,Address 179,Area 6,20250
468,uid_468,LProduct D,Female,Address 214,Area 15,20250
469,uid_469,LProduct A,Female,Address 44,Area 1,20250
470,uid_470,LProduct B,Male,Address 50,Area 1,16600
471,uid_471,LProduct B,Male,Address 50,Area 1,
472,uid_472,LProduct A,Male,Address 73,Area 4,20250
473,uid_473,LProduct A,Male,Address 113,Area 3,19250
474,uid_474,LProduct B,Male,Address 218,Area 2,16600
475,uid_475,LProduct D,Male,Address 74,Area 6,20250
476,uid_476,LProduct B,Male,Address 3,Area 3,16600
477,uid_477,LProduct B,Female,Address 13,Area 6,16600
478,uid_478,LProduct A,Male,Address 46,Area 2,19250
479,uid_479,LProduct B,Male,Address 44,Area 1,16600
480,uid_480,LProduct B,Female,Address 3,Area 3,16600
481,uid_481,LProduct A,Male,Address 8,Area 2,22250
482,uid_482,LProduct B,Male,Address 187,Area 2,16600
483,uid_483,LProduct A,Male,Address 53,Area 6,19250
484,uid_484,LProduct B,Male,Address 13,Area 6,16600
485,uid_485,LProduct D,Male,Address 105,Area 10,20250
486,uid_486,LProduct B,Male,Address 165,Area 2,16600
487,uid_487,LProduct B,Male,Address 34,Area 1,16600
488,uid_488,LProduct A,Female,Address 26,Area 3,19250
489,uid_489,LProduct D,Female,Address 221,Area 6,16600
490,uid_490,LProduct A,Male,Address 6,Area 1,19250
491,uid_491,LProduct A,Male,Address 114,Area 6,20250
492,uid_492,LProduct B,Male,Address 40,Area 6,16600
493,uid_493,LProduct B,Female,Address 10,Area 2,16600
494,uid_494,LProduct A,Female,Address 38,Area 3,19250
495,uid_495,LProduct C,Female,Address 228,Area 2,15600
496,uid_496,LProduct C,Male,Address 421,Area 6,15600
497,uid_497,LProduct C,Female,Address 275,Area 6,15600
498,uid_498,LProduct B,Male,Address 63,Area 6,16600
499,uid_499,LProduct D,Female,Address 441,Area 3,20250
500,uid_500,LProduct D,Male,Address 17,Area 3,20250
501,uid_501,LProduct C,NotSpecified,Address 402,Area 6,15600
502,uid_502,LProduct C,NotSpecified,Address 332,Area 6,15600
503,uid_503,LProduct B,Female,Address 42,Area 4,16600
504,uid_504,LProduct C,Male,Address 443,Area 3,15600
505,uid_505,LProduct A,Male,Address 21,Area 7,22250
506,uid_506,LProduct C,NotSpecified,Address 253,Area 6,15600
507,uid_507,LProduct B,Male,Address 91,Area 6,16600
508,uid_508,LProduct B,Male,Address 39,Area 6,16600
509,uid_509,LProduct A,Male,Address 73,Area 4,22250
510,uid_510,LProduct B,Male,Address 23,Area 4,16600
511,uid_511,LProduct B,Female,Address 10,Area 2,16600
512,uid_512,LProduct B,Male,Address 73,Area 4,16600
513,uid_513,LProduct C,Female,Address 365,Area 5,15600
514,uid_514,LProduct B,Female,Address 11,Area 3,16600
515,uid_515,LProduct A,Female,Address 44,Area 1,22250
516,uid_516,LProduct A,Male,Address 94,Area 6,22250
517,uid_517,LProduct B,Male,Address 73,Area 4,16600
518,uid_518,LProduct B,Male,Address 149,Area 1,16600
519,uid_519,LProduct D,Male,Address 153,Area 6,20250
520,uid_520,LProduct B,Male,Address 454,Area 2,16600
521,uid_521,LProduct C,Male,Address 282,Area 3,
522,uid_522,LProduct B,Male,Address 25,Area 3,16600
523,uid_523,LProduct C,NotSpecified,Address 323,Area 7,15600
524,uid_524,LProduct A,Male,Address 26,Area 3,22250
525,uid_525,LProduct B,Male,Address 208,Area 6,16600
526,uid_526,LProduct B,Male,Address 73,Area 4,16600
527,uid_527,LProduct C,NotSpecified,Address 106,Area 6,15600
528,uid_528,LProduct C,NotSpecified,Address 458,Area 8,15600
529,uid_529,LProduct B,Female,Address 75,Area 3,16600
530,uid_530,LProduct C,Female,Address 188,Area 6,15600
531,uid_531,LProduct A,Male,Address 39,Area 6,22250
532,uid_532,LProduct B,Male,Address 57,Area 6,16600
533,uid_533,LProduct D,Male,Address 214,Area 15,20250
534,uid_534,LProduct C,NotSpecified,Address 197,Area 5,15600
535,uid_535,LProduct E,Male,Address 84,Area 3,54625
536,uid_536,LProduct B,Male,Address 38,Area 3,16600
537,uid_537,LProduct A,Female,Address 28,Area 7,22250
538,uid_538,LProduct C,Male,Address 342,Area 9,15600
539,uid_539,LProduct D,Female,Address 460,Area 8,20250
540,uid_540,LProduct D,Male,Address 113,Area 3,20250
541,uid_541,LProduct C,NotSpecified,Address 377,Area 6,15600
542,uid_542,LProduct B,Female,Address 4,Area 4,16600
543,uid_543,LProduct B,Male,Address 39,Area 6,16600
544,uid_544,LProduct B,Male,Address 26,Area 3,16600
545,uid_545,LProduct A,Male,Address 67,Area 1,22250
546,uid_546,LProduct C,Male,Address 463,Area 1,15600
547,uid_547,LProduct A,Male,Address 47,Area 7,22250
548,uid_548,LProduct D,Male,Address 318,Area 2,20250
549,uid_549,LProduct C,Male,Address 464,Area 6,15600
550,uid_550,LProduct B,Male,Address 30,Area 2,16600
551,uid_551,LProduct A,Female,Address 78,Area 4,22250
552,uid_552,LProduct A,Male,Address 192,Area 6,22250
553,uid_553,LProduct D,Female,Address 75,Area 3,20250
554,uid_554,LProduct B,Male,Address 70,Area 7,16600
555,uid_555,LProduct D,Male,Address 161,Area 3,20250
556,uid_556,LProduct A,Male,Address 26,Area 3,22250
557,uid_557,LProduct D,Male,Address 244,Area 17,20250
558,uid_558,LProduct D,Male,Address 374,Area 2,20250
559,uid_559,LProduct B,Male,Address 6,Area 1,16600
560,uid_560,LProduct C,Male,Address 258,Area 1,15600
561,uid_561,LProduct B,Male,Address 91,Area 6,16600
562,uid_562,LProduct C,Male,Address 468,Area 6,15600
563,uid_563,LProduct B,Male,Address 60,Area 3,16600
564,uid_564,LProduct B,Female,Address 113,Area 3,16600
565,uid_565,LProduct D,Male,Address 350,Area 6,20250
566,uid_566,LProduct B,Male,Address 13,Area 6,16600
567,uid_567,LProduct A,Male,Address 58,Area 6,22250
568,uid_568,LProduct A,Male,Address 186,Area 14,22250
569,uid_569,LProduct E,Female,Address 3,Area 3,54625
570,uid_570,LProduct B,Female,Address 17,Area 3,16600
571,uid_571,LProduct D,Female,Address 403,Area 1,
572,uid_572,LProduct A,Male,Address 67,Area 1,22250
573,uid_573,LProduct D,Male,Address 418,Area 2,20250
574,uid_574,LProduct C,NotSpecified,Address 473,Area 6,15600
575,uid_575,LProduct C,Female,Address 474,Area 2,15600
576,uid_576,LProduct B,Male,Address 44,Area 1,16600
577,uid_577,LProduct D,Female,Address 377,Area 6,20250
578,uid_578,LProduct B,Female,Address 91,Area 6,16600
579,uid_579,LProduct C,Female,Address 350,Area 6,15600
580,uid_580,LProduct D,Male,Address 477,Area 6,20250
581,uid_581,LProduct C,NotSpecified,Address 482,Area 6,15600
582,uid_582,LProduct B,Female,Address 108,Area 6,16600
583,uid_583,LProduct A,Male,Address 3,Area 3,22250
584,uid_584,LProduct C,Male,Address 233,Area 1,15600
585,uid_585,LProduct A,Female,Address 30,Area 2,22250
586,uid_586,LProduct A,Male,Address 111,Area 6,22250
587,uid_587,LProduct A,Female,Address 11,Area 3,19250
588,uid_588,LProduct C,Male,Address 353,Area 6,15600
589,uid_589,LProduct C,NotSpecified,Address 421,Area 6,15600
590,uid_590,LProduct B,Female,Address 95,Area 6,16600
591,uid_591,LProduct A,Female,Address 89,Area 6,19250
592,uid_592,LProduct B,Female,Address 46,Area 2,16600
593,uid_593,LProduct B,Female,Address 19,Area 2,16600
594,uid_594,LProduct D,Male,Address 489,Area 6,20250
595,uid_595,LProduct A,Male,Address 86,Area 6,22250
596,uid_596,LProduct B,Female,Address 41,Area 1,16600
597,uid_597,LProduct A,Female,Address 46,Area 2,19250
598,uid_598,LProduct C,NotSpecified,Address 353,Area 6,15600
599,uid_599,LProduct B,Male,Address 62,Area 3,16600
600,uid_600,LProduct A,Male,Address 21,Area 7,22250
601,uid_601,LProduct D,Male,Address 34,Area 1,20250
602,uid_602,LProduct D,Male,Address 27,Area 2,20250
603,uid_603,LProduct B,Male,Address 8,Area 2,16600
604,uid_604,LProduct A,Male,Address 60,Area 3,19250
605,uid_605,LProduct D,Male,Address 495,Area 12,20250
606,uid_606,LProduct A,Male,Address 8,Area 2,20750
607,uid_607,LProduct C,Female,Address 99,Area 3,15600
608,uid_608,LProduct C,Male,Address 159,Area 3,15600
609,uid_609,LProduct B,Female,Address 87,Area 6,16600
610,uid_610,LProduct B,Male,Address 38,Area 3,16600
611,uid_611,LProduct D,Female,Address 227,Area 1,20250
612,uid_612,LProduct A,Male,Address 44,Area 1,22250
613,uid_613,LProduct D,Female,Address 460,Area 8,20250
614,uid_614,LProduct A,Female,Address 300,Area 14,19250
615,uid_615,LProduct C,NotSpecified,Address 503,Area 6,15600
616,uid_616,LProduct B,Male,Address 26,Area 3,16600
617,uid_617,LProduct A,Male,Address 25,Area 3,22250
618,uid_618,LProduct B,Male,Address 8,Area 2,16600
619,uid_619,LProduct A,Female,Address 46,Area 2,19250
620,uid_620,LProduct C,Female,Address 505,Area 7,15600
621,uid_621,LProduct A,Male,Address 53,Area 6,
622,uid_622,LProduct C,NotSpecified,Address 34,Area 1,15600
623,uid_623,LProduct B,Male,Address 22,Area 6,16600
624,uid_624,LProduct C,NotSpecified,Address 64,Area 6,15600
625,uid_625,LProduct B,Female,Address 506,Area 18,16600
626,uid_626,LProduct A,Male,Address 26,Area 3,22250
627,uid_627,LProduct A,Male,Address 46,Area 2,22250
628,uid_628,LProduct B,Male,Address 61,Area 2,16600
629,uid_629,LProduct C,NotSpecified,Address 350,Area 6,15600
630,uid_630,LProduct D,Male,Address 282,Area 3,20250
631,uid_631,LProduct B,Male,Address 135,Area 1,16600
632,uid_632,LProduct B,Male,Address 30,Area 2,16600
633,uid_633,LProduct B,Female,Address 94,Area 6,16600
634,uid_634,LProduct A,Female,Address 91,Area 6,22250
635,uid_635,LProduct B,Male,Address 25,Area 3,16600
636,uid_636,LProduct A,Male,Address 30,Area 2,19250
637,uid_637,LProduct B,Female,Address 94,Area 6,16600
638,uid_638,LProduct B,Male,Address 88,Area 7,16600
639,uid_639,LProduct C,NotSpecified,Address 218,Area 2,15600
640,uid_640,LProduct C,NotSpecified,Address 59,Area 6,15600
641,uid_641,LProduct B,Male,Address 61,Area 2,16600
642,uid_642,LProduct B,Female,Address 73,Area 4,16600
643,uid_643,LProduct D,Male,Address 352,Area 1,20250
644,uid_644,LProduct D,Male,Address 510,Area 6,20250
645,uid_645,LProduct D,Male,Address 210,Area 4,20250
646,uid_646,LProduct B,Female,Address 188,Area 6,16600
647,uid_647,LProduct D,Male,Address 511,Area 1,20250
648,uid_648,LProduct B,Male,Address 512,Area 15,16600
649,uid_649,LProduct D,Male,Address 323,Area 7,20250
650,uid_650,LProduct B,Female,Address 8,Area 2,16600
651,uid_651,LProduct B,Male,Address 3,Area 3,16600
652,uid_652,LProduct C,Male,Address 515,Area 2,15600
653,uid_653,LProduct B,Female,Address 48,Area 6,16600
654,uid_654,LProduct D,Male,Address 27,Area 2,20250
655,uid_655,LProduct B,Male,Address 10,Area 2,16600
656,uid_656,LProduct B,Female,Address 113,Area 3,16600
657,uid_657,LProduct A,Male,Address 67,Area 1,22250
658,uid_658,LProduct D,Male,Address 34,Area 1,20250
659,uid_659,LProduct B,Male,Address 73,Area 4,16600
660,uid_660,LProduct B,Male,Address 46,Area 2,16600
661,uid_661,LProduct B,Male,Address 44,Area 1,16600
662,uid_662,LProduct D,Male,Address 25,Area 3,20250
663,uid_663,LProduct B,Male,Address 79,Area 1,16600
664,uid_664,LProduct C,NotSpecified,Address 200,Area 6,15600
665,uid_665,LProduct A,Female,Address 192,Area 6,22250
666,uid_666,LProduct C,NotSpecified,Address 226,Area 16,15600
667,uid_667,LProduct C,NotSpecified,Address 464,Area 6,15600
668,uid_668,LProduct A,Male,Address 149,Area 1,22250
669,uid_669,LProduct B,Male,Address 208,Area 6,16600
670,uid_670,LProduct C,Male,Address 384,Area 3,15600
671,uid_671,LProduct B,Male,Address 29,Area 1,16600
672,uid_672,LProduct B,Male,Address 111,Area 6,16600
673,uid_673,LProduct B,Female,Address 25,Area 3,16600
674,uid_674,LProduct B,Male,Address 45,Area 3,16600
675,uid_675,LProduct B,Male,Address 108,Area 6,16600
676,uid_676,LProduct D,Male,Address 259,Area 5,20250
677,uid_677,LProduct C,Male,Address 218,Area 2,15600
678,uid_678,LProduct B,Male,Address 69,Area 6,16600
679,uid_679,LProduct B,Male,Address 32,Area 6,16600
680,uid_680,LProduct C,NotSpecified,Address 160,Area 8,15600
681,uid_681,LProduct A,Male,Address 70,Area 7,
682,uid_682,LProduct A,Male,Address 4,Area 4,19250
683,uid_683,LProduct A,Male,Address 94,Area 6,22250
684,uid_684,LProduct B,Male,Address 529,Area 12,16600
685,uid_685,LProduct B,Male,Address 69,Area 6,16600
686,uid_686,LProduct B,Male,Address 70,Area 7,16600
687,uid_687,LProduct A,Female,Address 84,Area 3,22250
688,uid_688,LProduct A,Male,Address 57,Area 6,22250
689,uid_689,LProduct C,Female,Address 533,Area 6,15600
690,uid_690,LProduct B,Male,Address 30,Area 2,16600
691,uid_691,LProduct C,Female,Address 104,Area 7,15600
692,uid_692,LProduct C,NotSpecified,Address 180,Area 4,15600
693,uid_693,LProduct A,Male,Address 26,Area 3,22250
694,uid_694,LProduct B,Male,Address 11,Area 3,16600
695,uid_695,LProduct B,Female,Address 145,Area 4,16600
696,uid_696,LProduct B,Female,Address 97,Area 5,16600
697,uid_697,LProduct C,Male,Address 52,Area 6,15600
698,uid_698,LProduct B,Female,Address 18,Area 7,16600
699,uid_699,LProduct C,Female,Address 161,Area 3,15600
700,uid_700,LProduct D,Male,Address 541,Area 3,20250
701,uid_701,LProduct B,Female,Address 472,Area 2,16600
702,uid_702,LProduct C,NotSpecified,Address 543,Area 1,15600
703,uid_703,LProduct B,Male,Address 61,Area 2,16600
704,uid_704,LProduct A,Male,Address 2,Area 2,22250
705,uid_705,LProduct D,Male,Address 353,Area 6,20250
706,uid_706,LProduct B,Female,Address 25,Area 3,16600
707,uid_707,LProduct B,Male,Address 37,Area 4,16600
708,uid_708,LProduct B,Female,Address 296,Area 6,16600
709,uid_709,LProduct C,NotSpecified,Address 515,Area 2,15600
710,uid_710,LProduct D,Male,Address 547,Area 2,20250
711,uid_711,LProduct D,Male,Address 548,Area 10,20250
712,uid_712,LProduct B,Male,Address 171,Area 5,16600
713,uid_713,LProduct A,Male,Address 37,Area 4,22250
714,uid_714,LProduct A,Female,Address 49,Area 6,22250
715,uid_715,LProduct C,Male,Address 468,Area 6,15600
716,uid_716,LProduct C,NotSpecified,Address 427,Area 5,15600
717,uid_717,LProduct D,Male,Address 57,Area 6,20250
718,uid_718,LProduct B,Female,Address 9,Area 6,16600
719,uid_719,LProduct A,Male,Address 47,Area 7,22250
720,uid_720,LProduct A,Male,Address 3,Area 3,22250
721,uid_721,LProduct E,Male,Address 26,Area 3,54625
722,uid_722,LProduct A,Male,Address 53,Area 6,22250
723,uid_723,LProduct A,Female,Address 82,Area 7,20750
724,uid_724,LProduct B,Female,Address 37,Area 4,16600
725,uid_725,LProduct C,Female,Address 554,Area 6,15600
726,uid_726,LProduct C,Male,Address 528,Area 5,15600
727,uid_727,LProduct B,Male,Address 9,Area 6,16600
728,uid_728,LProduct B,Male,Address 113,Area 3,16600
729,uid_729,LProduct B,Male,Address 45,Area 3,16600
730,uid_730,LProduct B,Male,Address 87,Area 6,16600
731,uid_731,LProduct D,Male,Address 410,Area 2,
732,uid_732,LProduct B,Male,Address 114,Area 6,16600
733,uid_733,LProduct D,Male,Address 122,Area 5,20250
734,uid_734,LProduct B,Male,Address 6,Area 1,16600
735,uid_735,LProduct C,NotSpecified,Address 266,Area 6,15600
736,uid_736,LProduct B,Male,Address 350,Area 6,16600
737,uid_737,LProduct D,Female,Address 23,Area 4,20250
738,uid_738,LProduct A,Male,Address 40,Area 6,22250
739,uid_739,LProduct A,Female,Address 26,Area 3,22250
740,uid_740,LProduct C,NotSpecified,Address 34,Area 1,15600
741,uid_741,LProduct D,Male,Address 144,Area 1,20250
742,uid_742,LProduct D,Male,Address 86,Area 6,20250
743,uid_743,LProduct C,NotSpecified,Address 145,Area 4,15600
744,uid_744,LProduct D,Male,Address 26,Area 3,20250
745,uid_745,LProduct B,Male,Address 22,Area 6,16600
746,uid_746,LProduct C,Female,Address 315,Area 6,15600
747,uid_747,LProduct A,Female,Address 45,Area 3,22250
748,uid_748,LProduct A,Female,Address 19,Area 2,20750
749,uid_749,LProduct D,Male,Address 128,Area 1,20250
750,uid_750,LProduct B,Male,Address 91,Area 6,16600
751,uid_751,LProduct D,Male,Address 61,Area 2,20250
752,uid_752,LProduct C,NotSpecified,Address 336,Area 6,15600
753,uid_753,LProduct C,NotSpecified,Address 34,Area 1,15600
754,uid_754,LProduct A,Female,Address 87,Area 6,22250
755,uid_755,LProduct A,Female,Address 30,Area 2,22250
756,uid_756,LProduct B,Male,Address 37,Area 4,16600
757,uid_757,LProduct B,Female,Address 32,Area 6,16600
758,uid_758,LProduct A,Male,Address 111,Area 6,22250
759,uid_759,LProduct B,Male,Address 13,Area 6,16600
760,uid_760,LProduct B,Male,Address 23,Area 4,16600
761,uid_761,LProduct B,Male,Address 28,Area 7,16600
762,uid_762,LProduct A,Male,Address 87,Area 6,19250
763,uid_763,LProduct B,Male,Address 84,Area 3,16600
764,uid_764,LProduct A,Female,Address 38,Area 3,22250
765,uid_765,LProduct A,Female,Address 142,Area 6,22250
766,uid_766,LProduct D,Female,Address 566,Area 1,20250
767,uid_767,LProduct B,Male,Address 30,Area 2,16600
768,uid_768,LProduct A,Male,Address 91,Area 6,22250
769,uid_769,LProduct D,Male,Address 353,Area 6,20250
770,uid_770,LProduct A,Male,Address 142,Area 6,22250
771,uid_771,LProduct B,Male,Address 62,Area 3,
772,uid_772,LProduct B,Male,Address 87,Area 6,16600
773,uid_773,LProduct A,Female,Address 48,Area 6,22250
774,uid_774,LProduct A,Male,Address 87,Area 6,22250
775,uid_775,LProduct B,Male,Address 145,Area 4,16600
776,uid_776,LProduct D,Female,Address 296,Area 6,20250
777,uid_777,LProduct B,Male,Address 13,Area 6,16600
778,uid_778,LProduct C,NotSpecified,Address 569,Area 6,15600
779,uid_779,LProduct B,Male,Address 19,Area 2,16600
780,uid_780,LProduct B,Male,Address 3,Area 3,16600
781,uid_781,LProduct A,Male,Address 44,Area 1,20750
782,uid_782,LProduct D,Female,Address 3,Area 3,20250
783,uid_783,LProduct C,Male,Address 34,Area 1,15600
784,uid_784,LProduct A,Male,Address 22,Area 6,22250
785,uid_785,LProduct B,Male,Address 13,Area 6,16600
786,uid_786,LProduct C,Female,Address 573,Area 3,15600
787,uid_787,LProduct B,Female,Address 30,Area 2,16600
788,uid_788,LProduct D,Male,Address 233,Area 1,20250
789,uid_789,LProduct B,Male,Address 574,Area 3,16600
790,uid_790,LProduct B,Female,Address 30,Area 2,16600
791,uid_791,LProduct C,NotSpecified,Address 59,Area 6,15600
792,uid_792,LProduct C,NotSpecified,Address 579,Area 1,15600
793,uid_793,LProduct A,Male,Address 39,Area 6,22250
794,uid_794,LProduct D,Female,Address 267,Area 1,20250
795,uid_795,LProduct B,Female,Address 25,Area 3,16600
796,uid_796,LProduct C,Male,Address 188,Area 6,15600
797,uid_797,LProduct B,Female,Address 49,Area 6,16600
798,uid_798,LProduct B,Female,Address 30,Area 2,16600
799,uid_799,LProduct D,Male,Address 120,Area 6,20250
800,uid_800,LProduct B,Female,Address 222,Area 6,16600
801,uid_801,LProduct A,Female,Address 84,Area 3,19250
802,uid_802,LProduct D,Male,Address 140,Area 6,20250
803,uid_803,LProduct A,Female,Address 142,Area 6,22250
804,uid_804,LProduct B,Female,Address 113,Area 3,16600
805,uid_805,LProduct D,Male,Address 53,Area 6,20250
806,uid_806,LProduct A,Female,Address 89,Area 6,22250
807,uid_807,LProduct B,Male,Address 53,Area 6,16600
808,uid_808,LProduct D,Male,Address 158,Area 3,16600
809,uid_809,LProduct B,Female,Address 23,Area 4,16600
810,uid_810,LProduct C,NotSpecified,Address 461,Area 1,15600
811,uid_811,LProduct B,Male,Address 62,Area 3,16600
812,uid_812,LProduct B,Male,Address 587,Area 12,16600
813,uid_813,LProduct D,Male,Address 579,Area 1,20250
814,uid_814,LProduct D,Male,Address 589,Area 17,20250
815,uid_815,LProduct B,Female,Address 25,Area 3,16600
816,uid_816,LProduct C,Male,Address 591,Area 2,15600
817,uid_817,LProduct C,Female,Address 129,Area 13,13775
818,uid_818,LProduct C,Male,Address 233,Area 1,15600
819,uid_819,LProduct D,Male,Address 210,Area 4,20250
820,uid_820,LProduct B,Male,Address 135,Area 1,16600
821,uid_821,LProduct D,Male,Address 146,Area 6,
822,uid_822,LProduct A,Female,Address 47,Area 7,22250
823,uid_823,LProduct B,Male,Address 58,Area 6,16600
824,uid_824,LProduct D,Male,Address 144,Area 1,20250
825,uid_825,LProduct C,Male,Address 191,Area 6,15600
826,uid_826,LProduct C,Female,Address 597,Area 6,15600
827,uid_827,LProduct A,Male,Address 58,Area 6,22250
828,uid_828,LProduct A,Male,Address 25,Area 3,22250
829,uid_829,LProduct B,Female,Address 30,Area 2,16600
830,uid_830,LProduct B,Male,Address 3,Area 3,16600
831,uid_831,LProduct D,Male,Address 71,Area 3,20250
832,uid_832,LProduct D,Male,Address 34,Area 1,20250
833,uid_833,LProduct B,Female,Address 47,Area 7,16600
834,uid_834,LProduct B,Male,Address 19,Area 2,16600
835,uid_835,LProduct A,Male,Address 89,Area 6,22250
836,uid_836,LProduct C,Female,Address 431,Area 6,15600
837,uid_837,LProduct A,Male,Address 94,Area 6,22250
838,uid_838,LProduct B,Male,Address 73,Area 4,16600
839,uid_839,LProduct C,NotSpecified,Address 600,Area 6,15600
840,uid_840,LProduct D,Male,Address 266,Area 6,20250
841,uid_841,LProduct D,Male,Address 418,Area 2,
842,uid_842,LProduct B,Female,Address 6,Area 1,16600
843,uid_843,LProduct D,NotSpecified,Address 11,Area 3,20250
844,uid_844,LProduct D,Female,Address 602,Area 9,20250
845,uid_845,LProduct D,Male,Address 34,Area 1,20250
846,uid_846,LProduct B,Male,Address 48,Area 6,16600
847,uid_847,LProduct A,Female,Address 91,Area 6,19250
848,uid_848,LProduct C,Male,Address 27,Area 2,15600
849,uid_849,LProduct C,NotSpecified,Address 34,Area 1,15600
850,uid_850,LProduct C,NotSpecified,Address 350,Area 6,15600
851,uid_851,LProduct B,Male,Address 94,Area 6,16600
852,uid_852,LProduct D,Male,Address 386,Area 6,20250
853,uid_853,LProduct A,Female,Address 87,Area 6,22250
854,uid_854,LProduct D,Male,Address 547,Area 2,20250
855,uid_855,LProduct C,Female,Address 253,Area 6,15600
856,uid_856,LProduct C,NotSpecified,Address 59,Area 6,15600
857,uid_857,LProduct A,Female,Address 111,Area 6,22250
858,uid_858,LProduct C,Female,Address 286,Area 2,15600
859,uid_859,LProduct B,Female,Address 13,Area 6,16600
860,uid_860,LProduct B,Male,Address 315,Area 6,16600
861,uid_861,LProduct A,Male,Address 48,Area 6,22250
862,uid_862,LProduct A,Male,Address 4,Area 4,22250
863,uid_863,LProduct B,Male,Address 49,Area 6,16600
864,uid_864,LProduct A,Female,Address 78,Area 4,22250
865,uid_865,LProduct B,Male,Address 26,Area 3,16600
866,uid_866,LProduct B,Male,Address 30,Area 2,16600
867,uid_867,LProduct D,Male,Address 227,Area 1,20250
868,uid_868,LProduct B,Male,Address 19,Area 2,16600
869,uid_869,LProduct A,Male,Address 4,Area 4,22250
870,uid_870,LProduct B,Female,Address 94,Area 6,16600
871,uid_871,LProduct A,Male,Address 84,Area 3,22250
872,uid_872,LProduct C,NotSpecified,Address 151,Area 2,15600
873,uid_873,LProduct B,Female,Address 19,Area 2,16600
874,uid_874,LProduct B,Female,Address 161,Area 3,16600
875,uid_875,LProduct B,Male,Address 69,Area 6,16600
876,uid_876,LProduct C,Male,Address 450,Area 8,15600
877,uid_877,LProduct D,Male,Address 19,Area 2,20250
878,uid_878,LProduct A,Male,Address 61,Area 2,22250
879,uid_879,LProduct C,Female,Address 151,Area 2,15600
880,uid_880,LProduct B,Female,Address 11,Area 3,16600
881,uid_881,LProduct A,Male,Address 22,Area 6,
882,uid_882,LProduct B,Female,Address 12,Area 6,16600
883,uid_883,LProduct C,Male,Address 104,Area 7,15600
884,uid_884,LProduct C,Female,Address 612,Area 5,15600
885,uid_885,LProduct B,Female,Address 2,Area 2,16600
886,uid_886,LProduct B,Female,Address 46,Area 2,16600
887,uid_887,LProduct D,Male,Address 350,Area 6,20250
888,uid_888,LProduct C,NotSpecified,Address 336,Area 6,15600
889,uid_889,LProduct D,Male,Address 218,Area 2,20250
890,uid_890,LProduct B,Female,Address 10,Area 2,16600
891,uid_891,LProduct B,Female,Address 113,Area 3,16600
892,uid_892,LProduct B,Male,Address 61,Area 2,16600
893,uid_893,LProduct A,Female,Address 25,Area 3,22250
894,uid_894,LProduct D,Male,Address 144,Area 1,20250
895,uid_895,LProduct A,Female,Address 8,Area 2,22250
896,uid_896,LProduct B,Male,Address 8,Area 2,16600
897,uid_897,LProduct A,Male,Address 17,Area 3,22250
898,uid_898,LProduct B,Female,Address 25,Area 3,16600
899,uid_899,LProduct A,Male,Address 91,Area 6,22250
900,uid_900,LProduct D,Male,Address 586,Area 10,20250
901,uid_901,LProduct A,Male,Address 95,Area 6,22250
902,uid_902,LProduct A,Female,Address 10,Area 2,22250
903,uid_903,LProduct A,Male,Address 30,Area 2,22250
904,uid_904,LProduct D,Male,Address 239,Area 6,20250
905,uid_905,LProduct A,Male,Address 25,Area 3,19250
906,uid_906,LProduct B,Female,Address 111,Area 6,16600
907,uid_907,LProduct B,Male,Address 30,Area 2,16600
908,uid_908,LProduct A,Male,Address 46,Area 2,22250
909,uid_909,LProduct C,NotSpecified,Address 127,Area 2,15600
910,uid_910,LProduct A,Male,Address 22,Area 6,22250
911,uid_911,LProduct D,Female,Address 41,Area 1,
912,uid_912,LProduct C,NotSpecified,Address 357,Area 1,15600
913,uid_913,LProduct E,Male,Address 89,Area 6,54625
914,uid_914,LProduct D,Male,Address 132,Area 5,20250
915,uid_915,LProduct C,NotSpecified,Address 627,Area 1,15600
916,uid_916,LProduct A,Female,Address 17,Area 3,20250
917,uid_917,LProduct A,Male,Address 8,Area 2,22250
918,uid_918,LProduct B,Female,Address 62,Area 3,16600
919,uid_919,LProduct D,Male,Address 631,Area 15,20250
920,uid_920,LProduct A,Female,Address 44,Area 1,22250
921,uid_921,LProduct C,NotSpecified,Address 632,Area 8,15600
922,uid_922,LProduct D,Female,Address 6,Area 1,20250
923,uid_923,LProduct B,Male,Address 9,Area 6,16600
924,uid_924,LProduct D,Female,Address 350,Area 6,20250
925,uid_925,LProduct B,Male,Address 11,Area 3,16600
926,uid_926,LProduct C,NotSpecified,Address 259,Area 5,15600
927,uid_927,LProduct D,Female,Address 634,Area 2,20250
928,uid_928,LProduct A,Male,Address 45,Area 3,22250
929,uid_929,LProduct B,Male,Address 46,Area 2,16600
930,uid_930,LProduct B,Female,Address 88,Area 7,16600
931,uid_931,LProduct B,Female,Address 4,Area 4,16600
932,uid_932,LProduct D,Male,Address 214,Area 15,20250
933,uid_933,LProduct B,Male,Address 13,Area 6,16600
934,uid_934,LProduct D,Male,Address 377,Area 6,20250
935,uid_935,LProduct A,Male,Address 1,Area 1,22250
936,uid_936,LProduct B,Male,Address 45,Area 3,16600
937,uid_937,LProduct A,Male,Address 38,Area 3,22250
938,uid_938,LProduct C,Male,Address 637,Area 1,15600
939,uid_939,LProduct B,Male,Address 21,Area 7,16600
940,uid_940,LProduct A,Male,Address 88,Area 7,19250
941,uid_941,LProduct B,Male,Address 302,Area 6,16600
942,uid_942,LProduct D,Male,Address 602,Area 9,20250
943,uid_943,LProduct D,Male,Address 364,Area 5,20250
944,uid_944,LProduct B,Male,Address 25,Area 3,16600
945,uid_945,LProduct B,Male,Address 91,Area 6,16600
946,uid_946,LProduct B,Male,Address 62,Area 3,16600
947,uid_947,LProduct B,Female,Address 25,Area 3,16600
948,uid_948,LProduct B,Female,Address 405,Area 1,16600
949,uid_949,LProduct B,Female,Address 26,Area 3,16600
950,uid_950,LProduct A,Female,Address 6,Area 1,22250
951,uid_951,LProduct B,Male,Address 19,Area 2,16600
952,uid_952,LProduct B,Female,Address 11,Area 3,16600
953,uid_953,LProduct A,Male,Address 6,Area 1,22250
954,uid_954,LProduct E,Male,Address 6,Area 1,54625
955,uid_955,LProduct B,Male,Address 8,Area 2,16600
956,uid_956,LProduct C,NotSpecified,Address 34,Area 1,15600
957,uid_957,LProduct A,Female,Address 22,Area 6,22250
958,uid_958,LProduct C,NotSpecified,Address 74,Area 6,15600
959,uid_959,LProduct B,Male,Address 25,Area 3,16600
960,uid_960,LProduct B,Female,Address 11,Area 3,16600
961,uid_961,LProduct D,Male,Address 641,Area 1,
962,uid_962,LProduct B,Male,Address 61,Area 2,16600
963,uid_963,LProduct A,Male,Address 2,Area 2,20250
964,uid_964,LProduct B,Male,Address 642,Area 3,16600
965,uid_965,LProduct B,Male,Address 63,Area 6,16600
966,uid_966,LProduct A,Female,Address 94,Area 6,22250
967,uid_967,LProduct B,Male,Address 84,Area 3,16600
968,uid_968,LProduct B,Male,Address 75,Area 3,16600
969,uid_969,LProduct D,Male,Address 644,Area 6,20250
970,uid_970,LProduct D,Male,Address 377,Area 6,20250
971,uid_971,LProduct C,NotSpecified,Address 266,Area 6,15600
972,uid_972,LProduct C,NotSpecified,Address 262,Area 2,15600
973,uid_973,LProduct A,Male,Address 61,Area 2,22250
974,uid_974,LProduct A,Female,Address 22,Area 6,22250
975,uid_975,LProduct B,Male,Address 13,Area 6,16600
976,uid_976,LProduct C,NotSpecified,Address 647,Area 6,15600
977,uid_977,LProduct D,Male,Address 299,Area 2,20250
978,uid_978,LProduct C,NotSpecified,Address 240,Area 6,15600
979,uid_979,LProduct E,Male,Address 22,Area 6,54625
980,uid_980,LProduct D,Male,Address 648,Area 6,20250
981,uid_981,LProduct B,Male,Address 63,Area 6,16600
982,uid_982,LProduct D,Male,Address 576,Area 6,20250
983,uid_983,LProduct B,Female,Address 113,Area 3,
984,uid_984,LProduct D,Male,Address 350,Area 6,20250
985,uid_985,LProduct B,Male,Address 11,Area 3,16600
986,uid_986,LProduct B,Female,Address 94,Area 6,16600
987,uid_987,LProduct B,Female,Address 26,Area 3,16600
988,uid_988,LProduct B,Female,Address 23,Area 4,16600
989,uid_989,LProduct D,Male,Address 17,Area 3,20250
990,uid_990,LProduct B,Male,Address 39,Area 6,16600
991,uid_991,LProduct B,Female,Address 197,Area 5,16600
992,uid_992,LProduct B,Male,Address 651,Area 17,16600
993,uid_993,LProduct C,NotSpecified,Address 177,Area 1,15600
994,uid_994,LProduct C,NotSpecified,Address 421,Area 6,15600
995,uid_995,LProduct B,Male,Address 66,Area 2,16600
996,uid_996,LProduct C,NotSpecified,Address 66,Area 2,15600
997,uid_997,LProduct A,Male,Address 9,Area 6,22250
998,uid_998,LProduct B,Female,Address 88,Area 7,16600
999,uid_999,LProduct B,Male,Address 325,Area 1,16600
1000,uid_1000,LProduct B,Male,Address 22,Area 6,16600
1001,uid_1001,LProduct A,Male,Address 10,Area 2,22250
1002,uid_1002,LProduct C,Female,Address 653,Area 6,15600
1003,uid_1003,LProduct B,Male,Address 154,Area 2,16600
1004,uid_1004,LProduct C,NotSpecified,Address 218,Area 2,15600
1005,uid_1005,LProduct D,Male,Address 50,Area 1,20250
1006,uid_1006,LProduct B,Male,Address 39,Area 6,16600
1007,uid_1007,LProduct B,Male,Address 44,Area 1,16600
1008,uid_1008,LProduct B,Male,Address 62,Area 3,16600
1009,uid_1009,LProduct D,Male,Address 199,Area 2,20250
1010,uid_1010,LProduct D,Male,Address 1,Area 1,20250
1011,uid_1011,LProduct D,Female,Address 144,Area 1,20250
1012,uid_1012,LProduct D,Female,Address 399,Area 2,20250
1013,uid_1013,LProduct A,Female,Address 30,Area 2,22250
1014,uid_1014,LProduct C,NotSpecified,Address 146,Area 6,15600
1015,uid_1015,LProduct A,Male,Address 42,Area 4,22250
1016,uid_1016,LProduct C,NotSpecified,Address 235,Area 5,15600
1017,uid_1017,LProduct B,Male,Address 97,Area 5,16600
1018,uid_1018,LProduct B,Female,Address 658,Area 7,16600
1019,uid_1019,LProduct C,NotSpecified,Address 436,Area 3,15600
1020,uid_1020,LProduct E,Female,Address 30,Area 2,54625
1021,uid_1021,LProduct C,Female,Address 266,Area 6,
1022,uid_1022,LProduct C,NotSpecified,Address 337,Area 4,15600
1023,uid_1023,LProduct C,NotSpecified,Address 488,Area 1,15600
1024,uid_1024,LProduct B,Female,Address 26,Area 3,16600
1025,uid_1025,LProduct B,Male,Address 38,Area 3,16600
1026,uid_1026,LProduct C,Male,Address 203,Area 6,15600
1027,uid_1027,LProduct B,Male,Address 6,Area 1,16600
1028,uid_1028,LProduct D,Male,Address 265,Area 4,20250
1029,uid_1029,LProduct C,NotSpecified,Address 195,Area 5,15600
1030,uid_1030,LProduct A,Female,Address 67,Area 1,22250
1031,uid_1031,LProduct A,Female,Address 61,Area 2,22250
1032,uid_1032,LProduct D,Male,Address 617,Area 5,16600
1033,uid_1033,LProduct D,Male,Address 323,Area 7,20250
1034,uid_1034,LProduct E,Male,Address 25,Area 3,54625
1035,uid_1035,LProduct B,Female,Address 108,Area 6,16600
1036,uid_1036,LProduct D,Female,Address 350,Area 6,20250
1037,uid_1037,LProduct B,Male,Address 19,Area 2,16600
1038,uid_1038,LProduct B,Male,Address 53,Area 6,16600
1039,uid_1039,LProduct B,Female,Address 39,Area 6,16600
1040,uid_1040,LProduct B,Male,Address 50,Area 1,
1041,uid_1041,LProduct B,Male,Address 23,Area 4,16600
1042,uid_1042,LProduct C,NotSpecified,Address 52,Area 6,15600
1043,uid_1043,LProduct B,Female,Address 142,Area 6,16600